"ctr_id","cth_id","courtroom_name","created_ts","created_by"
28529,-3,"PerfCourtroom_domsbrgymvn",NULL,NULL
28549,-3,"PerfCourtroom_qcpnyinklah",NULL,NULL
28550,-2,"PerfCourtroom_aqhfupmhgeu",NULL,NULL
28551,-1,"PerfCourtroom_llqefktarrb",NULL,NULL
28552,1,"PerfCourtroom_jjlambjvwsh",NULL,NULL
28553,2,"PerfCourtroom_atplzeprivj",NULL,NULL
28554,3,"PerfCourtroom_yekfofxxbta",NULL,NULL
28555,4,"PerfCourtroom_qgvtxldzmkw",NULL,NULL
28556,5,"PerfCourtroom_nwjuxkxqlcj",NULL,NULL
28557,6,"PerfCourtroom_cmwiwbighjt",NULL,NULL
28558,7,"PerfCourtroom_roobslkodny",NULL,NULL
28629,-3,"PerfCourtroom_lmysorydspu",NULL,NULL
28630,-2,"PerfCourtroom_trqfflpihpu",NULL,NULL
28649,-3,"PerfCourtroom_etmpqhhtlvc",NULL,NULL
28650,-2,"PerfCourtroom_piuejsnlhmb",NULL,NULL
28669,77216,"PerfCourtroom_qgccgyitulv",NULL,NULL
28670,10140,"PerfCourtroom_culvordvtpi",NULL,NULL
30029,22834,"PerfCourtroom_qsfitpdskjg",NULL,NULL
30049,22813,"PerfCourtroom_iezoedpdqwc",NULL,NULL
30069,22817,"PerfCourtroom_linypxmdaju",NULL,NULL
30089,22816,"PerfCourtroom_yroxyvuwyhp",NULL,NULL
30090,22892,"PerfCourtroom_acdjdpkkxpk",NULL,NULL
30091,22892,"PerfCourtroom_riesnemjqyl",NULL,NULL
30092,22834,"PerfCourtroom_odliftxwwsd",NULL,NULL
30093,22813,"PerfCourtroom_jwbpoqcosdwu",NULL,NULL
30094,22835,"PerfCourtroom_wwthompjxww",NULL,NULL
30095,22814,"PerfCourtroom_rtmlhoxfcbs",NULL,NULL
30096,22835,"PerfCourtroom_wikqekldizr",NULL,NULL
30097,22817,"PerfCourtroom_wenewygpikz",NULL,NULL
30098,22816,"PerfCourtroom_njkngltiicl",NULL,NULL
30099,22812,"PerfCourtroom_ykzfqpdqade",NULL,NULL
30109,22817,"PerfCourtroom_ffjzbpdwerp",NULL,NULL
30110,22814,"PerfCourtroom_pcbyufqjkcg",NULL,NULL
30129,22872,"PerfCourtroom_vmjdbmktkqt",NULL,NULL
30130,22892,"PerfCourtroom_xayhfyzrteu",NULL,NULL
30131,22892,"PerfCourtroom_ivlmwszdjso",NULL,NULL
30132,22817,"PerfCourtroom_trqkgnjewrd",NULL,NULL
30133,22814,"PerfCourtroom_cugqxlxfexo",NULL,NULL
30149,22834,"PerfCourtroom_arvznmymgyp",NULL,NULL
30150,22815,"PerfCourtroom_huymihnoziy",NULL,NULL
30151,22853,"PerfCourtroom_tcfoemhdzyk",NULL,NULL
30152,22852,"PerfCourtroom_zgjpfrxhnrx",NULL,NULL
30153,22892,"PerfCourtroom_hfwhzyfhtvx",NULL,NULL
30154,22832,"PerfCourtroom_phdfoeazrwr",NULL,NULL
30155,22832,"PerfCourtroom_fbszppgrcff",NULL,NULL
30156,22853,"PerfCourtroom_duxmgknpnt",NULL,NULL
30157,22814,"PerfCourtroom_pdwlnmzgzxn",NULL,NULL
30158,22852,"PerfCourtroom_tcsicifonrq",NULL,NULL
30159,22832,"PerfCourtroom_xjammnxojmb",NULL,NULL
30160,22872,"PerfCourtroom_sejretxjwkm",NULL,NULL
30161,22832,"PerfCourtroom_trtknmmdefe",NULL,NULL
30162,22814,"PerfCourtroom_dmlxeutvifc",NULL,NULL
30169,22834,"PerfCourtroom_dbgjunglzcp",NULL,NULL
30170,22872,"PerfCourtroom_lffftudznan",NULL,NULL
30171,22892,"PerfCourtroom_ybzzxtygspn",NULL,NULL
30172,22814,"PerfCourtroom_kpthdpablbe",NULL,NULL
30173,22892,"PerfCourtroom_rucircfimnn",NULL,NULL
30174,22872,"PerfCourtroom_puzitwigpjy",NULL,NULL
30175,22872,"PerfCourtroom_ingmxydftlc",NULL,NULL
30189,22834,"PerfCourtroom_daxyfezwhiv",NULL,NULL
30190,22814,"PerfCourtroom_zxadmvpdotf",NULL,NULL
30191,22815,"PerfCourtroom_jhxdbwyilno",NULL,NULL
30192,22814,"PerfCourtroom_uxqohsukidk",NULL,NULL
30193,22832,"PerfCourtroom_bzmtcxyjhae",NULL,NULL
30194,22833,"PerfCourtroom_ikjgzyfbkep",NULL,NULL
30195,22816,"PerfCourtroom_epjjngxvqxp",NULL,NULL
30196,22817,"PerfCourtroom_hrqsnamyzqk",NULL,NULL
30197,22852,"PerfCourtroom_nnbhjwkoync",NULL,NULL
30198,22852,"PerfCourtroom_qxnpsimniou",NULL,NULL
30209,22817,"PerfCourtroom_ioscqxangpo",NULL,NULL
30229,22832,"PerfCourtroom_zmcgjfltcez",NULL,NULL
30230,22852,"PerfCourtroom_enuobmojtva",NULL,NULL
30249,22815,"PerfCourtroom_vlmmeiolbfn",NULL,NULL
30250,22872,"PerfCourtroom_gefjrqtuyei",NULL,NULL
30251,22816,"PerfCourtroom_cuycblbvylk",NULL,NULL
30252,22853,"PerfCourtroom_yenbpcrgujn",NULL,NULL
30253,22815,"PerfCourtroom_uhaguaqsfcl",NULL,NULL
30254,22817,"PerfCourtroom_menxcbmqgii",NULL,NULL
30255,22832,"PerfCourtroom_nxmycqnjjcj",NULL,NULL
30256,22892,"PerfCourtroom_tcpmquzmcwj",NULL,NULL
30257,22892,"PerfCourtroom_ocwalaemanp",NULL,NULL
30258,22835,"PerfCourtroom_vwwtvlqqspv",NULL,NULL
30259,22833,"PerfCourtroom_qspkamfemjr",NULL,NULL
30260,22892,"PerfCourtroom_eplsqhhovgi",NULL,NULL
30261,22872,"PerfCourtroom_hvkllcexkks",NULL,NULL
30262,22815,"PerfCourtroom_kruywwgspkz",NULL,NULL
30263,22872,"PerfCourtroom_demheruplmi",NULL,NULL
30264,22853,"PerfCourtroom_oaragxivria",NULL,NULL
30265,22814,"PerfCourtroom_ysreoaciaxc",NULL,NULL
30266,22813,"PerfCourtroom_rfiuqoraqkm",NULL,NULL
30267,22835,"PerfCourtroom_autgafjdtgw",NULL,NULL
30268,22853,"PerfCourtroom_olqiqgeiqid",NULL,NULL
30269,22813,"PerfCourtroom_ihwatyrubna",NULL,NULL
30270,22834,"PerfCourtroom_isorgrizxoy",NULL,NULL
30271,22816,"PerfCourtroom_djibcwpiint",NULL,NULL
30272,22833,"PerfCourtroom_aocryycwddv",NULL,NULL
30273,22833,"PerfCourtroom_admcoelsyhb",NULL,NULL
30274,22813,"PerfCourtroom_qbycbvwabd",NULL,NULL
30275,22834,"PerfCourtroom_ojsyqyeoyi",NULL,NULL
30276,22813,"PerfCourtroom_debsxhuyirs",NULL,NULL
30289,22817,"PerfCourtroom_jglaymsptky",NULL,NULL
30290,22872,"PerfCourtroom_dikcxpjgrhj",NULL,NULL
30291,22853,"PerfCourtroom_byiirvgjyst",NULL,NULL
30292,22818,"PerfCourtroom_bvczhwifyto",NULL,NULL
30293,22833,"PerfCourtroom_pedskwhxjyg",NULL,NULL
30294,22834,"PerfCourtroom_sftahzxdoje",NULL,NULL
30295,22818,"PerfCourtroom_euvjcsxzybu",NULL,NULL
30296,22815,"PerfCourtroom_nngjtzwdtes",NULL,NULL
30297,22852,"PerfCourtroom_qpsqibsvxbe",NULL,NULL
30298,22853,"PerfCourtroom_uakgvlxsbev",NULL,NULL
30309,22835,"PerfCourtroom_zybwaegqme",NULL,NULL
30310,22834,"PerfCourtroom_jfeoihwranb",NULL,NULL
30311,22834,"PerfCourtroom_fphsdusorww",NULL,NULL
30312,22835,"PerfCourtroom_ulydbejmtrd",NULL,NULL
30313,22852,"PerfCourtroom_excqweflbmb",NULL,NULL
30314,22853,"PerfCourtroom_zqkzskjihc",NULL,NULL
30315,22817,"PerfCourtroom_teeamkmojfd",NULL,NULL
30329,22817,"PerfCourtroom_xygbqkavrol",NULL,NULL
30330,22818,"PerfCourtroom_xwwhzbuomcn",NULL,NULL
30331,22814,"PerfCourtroom_wykgahfswmc",NULL,NULL
30332,22815,"PerfCourtroom_kattkyksnfw",NULL,NULL
30333,22852,"PerfCourtroom_zhbvejndhsq",NULL,NULL
30334,22832,"PerfCourtroom_vyhqvzepzyl",NULL,NULL
30335,22852,"PerfCourtroom_ngwrxzpkkze",NULL,NULL
30336,22872,"PerfCourtroom_yifpawcvews",NULL,NULL
30337,22816,"PerfCourtroom_uklwmemkcyf",NULL,NULL
30338,22833,"PerfCourtroom_kxqrofjvlsz",NULL,NULL
30339,22816,"PerfCourtroom_btdqghsatlx",NULL,NULL
30340,22817,"PerfCourtroom_zvcrjneezgb",NULL,NULL
30341,22814,"PerfCourtroom_efwjbuedque",NULL,NULL
30349,22812,"PerfCourtroom_rllswrisudy",NULL,NULL
30350,22812,"PerfCourtroom_btcrimwcrsc",NULL,NULL
30351,22812,"PerfCourtroom_ryqcvzialyc",NULL,NULL
30352,22812,"PerfCourtroom_drpfrrhlswb",NULL,NULL
30353,22812,"PerfCourtroom_hpskezotezy",NULL,NULL
30354,22812,"PerfCourtroom_rpuwpvjuxw",NULL,NULL
30355,22812,"PerfCourtroom_ltienrxqtox",NULL,NULL
30356,22812,"PerfCourtroom_ygirzrihech",NULL,NULL
