tra_id,cth_id,courthouse_name,created_by,usr_id,Email, Password
12752,9,"Birmingham Library and Rep",261,634,PerfCourtManager01@dev.platform.hmcts.net,PerfTester@01
13222,127,"Swansea",607,713,PerfCourtManager02@dev.platform.hmcts.net,PerfTester@01
13462,140,"Warrington Combined Court Centre",649,613,PerfCourtManager03@dev.platform.hmcts.net,PerfTester@01
12832,68,"Leeds Combined Court Centre",448,594,PerfCourtManager04@dev.platform.hmcts.net,PerfTester@01
13102,1,"Birmingham Crown Court sitting at 4 Newton Street",282,574,PerfCourtManager05@dev.platform.hmcts.net,PerfTester@01
13902,85,"Manchester Crown Square",848,694,PerfCourtManager06@dev.platform.hmcts.net,PerfTester@01
12682,10,"Blackfriars",281,635,PerfCourtManager07@dev.platform.hmcts.net,PerfTester@01
13582,98,"Nottingham",504,653,PerfCourtManager08@dev.platform.hmcts.net,PerfTester@01
13332,40,"Croydon",322,614,PerfCourtManager09@dev.platform.hmcts.net,PerfTester@01
13252,84,"Maidstone CC Great Danes Hotel",468,750,PerfCourtManager100@dev.platform.hmcts.net,PerfTester@01
13872,128,"Swansea Civic Centre",608,714,PerfCourtManager10@dev.platform.hmcts.net,PerfTester@01
12632,69,"Leeds Cloth Hall Court",545,575,PerfCourtManager11@dev.platform.hmcts.net,PerfTester@01
12712,56,"Hereford",365,595,PerfCourtManager12@dev.platform.hmcts.net,PerfTester@01
12892,11,"Bolton Combined Court Centre",285,636,PerfCourtManager13@dev.platform.hmcts.net,PerfTester@01
12742,86,"Manchester Hilton Deansgate",481,695,PerfCourtManager14@dev.platform.hmcts.net,PerfTester@01
12962,41,"Croydon Jurys Inn",323,615,PerfCourtManager15@dev.platform.hmcts.net,PerfTester@01
13432,99,"Nottingham Mercure Hotel",505,654,PerfCourtManager16@dev.platform.hmcts.net,PerfTester@01
13112,78,"Liverpool Crown Court",546,576,PerfCourtManager17@dev.platform.hmcts.net,PerfTester@01
13390,28,"Chester Crowne Plaza",441,715,PerfCourtManager18@dev.platform.hmcts.net,PerfTester@01
12942,12,"Bolton Stadium",301,637,PerfCourtManager19@dev.platform.hmcts.net,PerfTester@01
12922,57,"Hove Trial Centre",381,596,PerfCourtManager20@dev.platform.hmcts.net,PerfTester@01
13672,143,"Winchester Combined Court Centre",652,616,PerfCourtManager21@dev.platform.hmcts.net,PerfTester@01
12532,87,"Manchester Minshull Street",683,696,PerfCourtManager22@dev.platform.hmcts.net,PerfTester@01
12872,71,"Leicester",667,577,PerfCourtManager23@dev.platform.hmcts.net,PerfTester@01
13322,100,"Oxford Combined Court Centre",506,655,PerfCourtManager24@dev.platform.hmcts.net,PerfTester@01
13562,13,"Bournemouth Combined Court Centre",286,638,PerfCourtManager25@dev.platform.hmcts.net,PerfTester@01
13032,130,"Swindon Combined Court Centre",610,716,PerfCourtManager26@dev.platform.hmcts.net,PerfTester@01
13282,43,"Doncaster",325,617,PerfCourtManager27@dev.platform.hmcts.net,PerfTester@01
13662,58,"Crown Court sitting at Huntingdon Law Courts",382,597,PerfCourtManager28@dev.platform.hmcts.net,PerfTester@01
13722,72,"Leics Crown Sitting At Lough",428,578,PerfCourtManager29@dev.platform.hmcts.net,PerfTester@01
13192,88,"Birmingham Maple House",483,697,PerfCourtManager30@dev.platform.hmcts.net,PerfTester@01
13502,14,"Bradford Combined Court Centre",287,639,PerfCourtManager31@dev.platform.hmcts.net,PerfTester@01
13212,101,"Peterborough Combined Court Centre",507,656,PerfCourtManager32@dev.platform.hmcts.net,PerfTester@01
13732,131,"Taunton",611,717,PerfCourtManager33@dev.platform.hmcts.net,PerfTester@01
13762,73,"Leonardo Hotel",429,579,PerfCourtManager34@dev.platform.hmcts.net,PerfTester@01
13852,59,"Inner London",421,598,PerfCourtManager35@dev.platform.hmcts.net,PerfTester@01
13822,44,"Doncaster Crown Court",326,618,PerfCourtManager36@dev.platform.hmcts.net,PerfTester@01
13532,89,"Merthyr Tydfil Combined Court Centre",484,698,PerfCourtManager37@dev.platform.hmcts.net,PerfTester@01
13542,15,"Crown Court sitting at Brighton Magistrates Court",302,640,PerfCourtManager38@dev.platform.hmcts.net,PerfTester@01
12702,102,"Peterborough Knights Chamber",521,657,PerfCourtManager39@dev.platform.hmcts.net,PerfTester@01
13812,74,"Lewes CC Sitting at Chichester",430,580,PerfCourtManager40@dev.platform.hmcts.net,PerfTester@01
13522,132,"Taunton sitting at Worle",612,718,PerfCourtManager41@dev.platform.hmcts.net,PerfTester@01
13132,146,"Wolverhampton Magistrates Court",625,619,PerfCourtManager42@dev.platform.hmcts.net,PerfTester@01
13472,60,"Inner London CC at the RCJ",424,599,PerfCourtManager43@dev.platform.hmcts.net,PerfTester@01
12802,117,"Salisbury Combined Court Centre",622,721,PerfCourtManager44@dev.platform.hmcts.net,PerfTester@01
12592,90,"Minshull St Sitting at Stockport",485,699,PerfCourtManager45@dev.platform.hmcts.net,PerfTester@01
13742,75,"Lewes Combined Court Centre",447,741,PerfCourtManager46@dev.platform.hmcts.net,PerfTester@01
13292,103,"Peterborough Magistrates Court",522,658,PerfCourtManager47@dev.platform.hmcts.net,PerfTester@01
13412,147,"Wood Green",626,620,PerfCourtManager48@dev.platform.hmcts.net,PerfTester@01
13342,32,"Cirencester",445,719,PerfCourtManager49@dev.platform.hmcts.net,PerfTester@01
13272,118,"Shrewsbury",682,722,PerfCourtManager50@dev.platform.hmcts.net,PerfTester@01
12952,61,"Ipswitch",425,600,PerfCourtManager51@dev.platform.hmcts.net,PerfTester@01
13142,93,"Newcastle Combined Court Centre",6493,742,PerfCourtManager52@dev.platform.hmcts.net,PerfTester@01
13082,91,"Mold",486,700,PerfCourtManager53@dev.platform.hmcts.net,PerfTester@01
12982,148,"Wood Green at Hendon MC",627,761,PerfCourtManager54@dev.platform.hmcts.net,PerfTester@01
13312,104,"Plymouth",523,659,PerfCourtManager55@dev.platform.hmcts.net,PerfTester@01
13772,119,"Snaresbrook",703,723,PerfCourtManager56@dev.platform.hmcts.net,PerfTester@01
13242,134,"Teesside Combined Court Centre",584,720,PerfCourtManager57@dev.platform.hmcts.net,PerfTester@01
13002,77,"Lincoln Combined Court Centre",461,743,PerfCourtManager58@dev.platform.hmcts.net,PerfTester@01
13122,62,"Isleworth",426,781,PerfCourtManager59@dev.platform.hmcts.net,PerfTester@01
13552,149,"Woolwich",628,762,PerfCourtManager60@dev.platform.hmcts.net,PerfTester@01
13592,92,"Newcastle Moot hall",487,801,PerfCourtManager61@dev.platform.hmcts.net,PerfTester@01
13622,19,"Cambridge",385,724,PerfCourtManager62@dev.platform.hmcts.net,PerfTester@01
12932,105,"Preston Invincibles Pavilion",561,660,PerfCourtManager63@dev.platform.hmcts.net,PerfTester@01
13112,78,"Liverpool Crown Court",546,744,PerfCourtManager64@dev.platform.hmcts.net,PerfTester@01
13862,135,"Teesside Magistrates Court",644,821,PerfCourtManager65@dev.platform.hmcts.net,PerfTester@01
13702,49,"Gloucester",344,763,PerfCourtManager66@dev.platform.hmcts.net,PerfTester@01
13752,63,"Kingston Upon Hull Combined Court Centre",422,782,PerfCourtManager67@dev.platform.hmcts.net,PerfTester@01
13072,20,"Canterbury Combined Court Centre",386,725,PerfCourtManager68@dev.platform.hmcts.net,PerfTester@01
13362,94,"Newport Gwent",663,802,PerfCourtManager69@dev.platform.hmcts.net,PerfTester@01
13232,79,"Liverpool CJC",463,745,PerfCourtManager70@dev.platform.hmcts.net,PerfTester@01
13882,106,"Preston Tom Finney Stand",581,841,PerfCourtManager71@dev.platform.hmcts.net,PerfTester@01
13572,50,"Great Grimsby Combined Court Centre",345,764,PerfCourtManager72@dev.platform.hmcts.net,PerfTester@01
12862,35,"Coverdale House",305,822,PerfCourtManager73@dev.platform.hmcts.net,PerfTester@01
13612,122,"Southwark",564,726,PerfCourtManager74@dev.platform.hmcts.net,PerfTester@01
13712,64,"Kingston",423,783,PerfCourtManager75@dev.platform.hmcts.net,PerfTester@01
13442,80,"Liverpool Hilton Hotel",464,746,PerfCourtManager76@dev.platform.hmcts.net,PerfTester@01
13022,7,"Basildon Combined Court Centre",301,803,PerfCourtManager77@dev.platform.hmcts.net,PerfTester@01
13512,51,"Guildford",346,765,PerfCourtManager78@dev.platform.hmcts.net,PerfTester@01
12612,107,"Portsmouth Combined Court Centre",601,842,PerfCourtManager79@dev.platform.hmcts.net,PerfTester@01
13062,22,"Carlisle Combined Court Centre",402,727,PerfCourtManager80@dev.platform.hmcts.net,PerfTester@01
13842,137,"Sheffield Combined Court Centre",664,823,PerfCourtManager81@dev.platform.hmcts.net,PerfTester@01
13012,81,"Luton",465,747,PerfCourtManager82@dev.platform.hmcts.net,PerfTester@01
13042,8,"Birmingham",286,784,PerfCourtManager83@dev.platform.hmcts.net,PerfTester@01
13652,52,"Guildford Crown Court Site B",361,766,PerfCourtManager84@dev.platform.hmcts.net,PerfTester@01
13382,96,"Northampton Combined Court Centre",502,804,PerfCourtManager85@dev.platform.hmcts.net,PerfTester@01
13372,124,"St Albans",604,728,PerfCourtManager86@dev.platform.hmcts.net,PerfTester@01
13792,108,"Preston Combined Court Centre",707,843,PerfCourtManager87@dev.platform.hmcts.net,PerfTester@01
13182,82,"M40 J15 Warwick Hotel",466,748,PerfCourtManager88@dev.platform.hmcts.net,PerfTester@01
13482,138,"The Lowry Theatre",647,824,PerfCourtManager89@dev.platform.hmcts.net,PerfTester@01
12562,53,"Harrow",362,767,PerfCourtManager90@dev.platform.hmcts.net,PerfTester@01
12902,66,"Lancaster",542,785,PerfCourtManager91@dev.platform.hmcts.net,PerfTester@01
13802,125,"Crown Court sitting at St Albans Magistrates Court",605,729,PerfCourtManager92@dev.platform.hmcts.net,PerfTester@01
13692,97,"Norwich Combined Court Centre",503,805,PerfCourtManager93@dev.platform.hmcts.net,PerfTester@01
13632,83,"Maidstone Combined Court",467,749,PerfCourtManager94@dev.platform.hmcts.net,PerfTester@01
13352,109,"Preston Session House",641,844,PerfCourtManager95@dev.platform.hmcts.net,PerfTester@01
13262,54,"Harrow CC at Willesden MC",363,768,PerfCourtManager96@dev.platform.hmcts.net,PerfTester@01
13602,38,"Crown Court at Monument",308,825,PerfCourtManager97@dev.platform.hmcts.net,PerfTester@01
13642,126,"Stoke on Trent Combined Court Centre",606,730,PerfCourtManager98@dev.platform.hmcts.net,PerfTester@01
12782,67,"Lancaster Ashton Hall",543,786,PerfCourtManager99@dev.platform.hmcts.net,PerfTester@01
