Email,Password,user_name,cth_id,courthouse_name,courthouse_code,Type,cas_id1,defendantFirstName,cas_id2,defendantSecondName,cas_id3,defendantThirdName,cas_id4,defendantFourthName,cas_id5,defendantFifthName
PerfJudge01@dev.platform.hmcts.net,PerfTester@01,PerfJudge01,82,"M40 J15 Warwick Hotel",82,Judge,1642042,Yehuda,1659639,Melvin,1642029,Dane,1648024,Ensley,1656042,Ada
PerfJudge02@dev.platform.hmcts.net,PerfTester@01,PerfJudge02,82,"M40 J15 Warwick Hotel",82,Judge,1642042,Yehuda,1659639,Melvin,1648024,Ensley,1639393,Veda,1645143,Brendan
PerfJudge03@dev.platform.hmcts.net,PerfTester@01,PerfJudge03,71,"Leicester",71,Judge,9507362,Colt,9447586,Mary,9473988,Griffin,9428942,Sullivan,9460329,Jessica
PerfJudge04@dev.platform.hmcts.net,PerfTester@01,PerfJudge04,16,"Bristol",16,Judge,9323185,Adan,9291080,Emery,9372516,Bodhi,9346736,Karter,9330431,Crystal
PerfJudge05@dev.platform.hmcts.net,PerfTester@01,PerfJudge05,42,"Derby Combined Court Centre",42,Judge,5821261,Eliel,5844212,Leroy,5857024,Kade,5815393,Leon,5820042,Vivian
PerfJudge06@dev.platform.hmcts.net,PerfTester@01,PerfJudge06,150,"Worcester Combined Court Centre",150,Judge,1164830,Kiara,1188425,Sasha,1186301,River,1156249,Jaxen,1210496,Noel
PerfJudge07@dev.platform.hmcts.net,PerfTester@01,PerfJudge07,142,"West Midlands Courth Centre",142,Judge,5102180,Adriana,5081339,Hudson,5084583,Charles,5069463,Violette,5062277,Lorelei
PerfJudge08@dev.platform.hmcts.net,PerfTester@01,PerfJudge08,149,"Woolwich",149,Judge,5435001,Reina,5555896,Rodrigo,5467280,Judson,5586878,Rory,5446995,Nathaniel
PerfJudge09@dev.platform.hmcts.net,PerfTester@01,PerfJudge09,72,"Leics Crown Sitting At Lough",72,Judge,461894,Ryker,465512,Kallie,461579,Franklin,465449,Dexter,449901,Jakob
PerfJudge10@dev.platform.hmcts.net,PerfTester@01,PerfJudge10,60,"Inner London CC at the RCJ",60,Judge,989914,Elora,984985,Hattie,981594,Anahi,982725,Rhett,978516,Kendra
PerfJudge11@dev.platform.hmcts.net,PerfTester@01,PerfJudge11,23,"Carmarthen",23,Judge,1631200,Ashley,1621235,Bria,1611938,Damon,1637032,Henley,1632449,Nathan
PerfJudge12@dev.platform.hmcts.net,PerfTester@01,PerfJudge12,9,"Birmingham Library and Rep",9,Judge,734993,Gustavo,10462459,uqvM2U3iuB,741197,Gwendolyn,746976,Gwendolyn,746899,Alden
PerfJudge13@dev.platform.hmcts.net,PerfTester@01,PerfJudge13,47,"Exeter Combined Court Centre",47,Judge,9612356,Mackenzie,9609596,Paige,9535637,Oakley,9674629,Gael,9604901,Zev
PerfJudge14@dev.platform.hmcts.net,PerfTester@01,PerfJudge14,143,"Winchester Combined Court Centre",143,Judge,8676614,Jane,8638201,Kailani,8723004,Johnathan,8621865,Marceline,8716822,Brianna
PerfJudge15@dev.platform.hmcts.net,PerfTester@01,PerfJudge15,86,"Manchester Hilton Deansgate",86,Judge,1285432,Savanna,1286473,Louie,1296521,Ryker,1300179,Harleigh,1297295,Alaya
PerfJudge16@dev.platform.hmcts.net,PerfTester@01,PerfJudge16,78,"Liverpool Crown Court",78,Judge,3829559,Giuliana,3933235,Freya,4113385,Emilia,4052849,Marcos,4062224,Colter
PerfJudge17@dev.platform.hmcts.net,PerfTester@01,PerfJudge17,120,"Southampton Combined Court Centre",120,Judge,6003808,Brooks,5996779,Madilyn,6033905,Ismael,6042032,Amy,5989578,Jaxson
PerfJudge18@dev.platform.hmcts.net,PerfTester@01,PerfJudge18,126,"Stoke on Trent Combined Court Centre",126,Judge,1269290,Arya,1248180,Jenna,1243170,Gael,1273410,Logan,1233366,Alina
PerfJudge19@dev.platform.hmcts.net,PerfTester@01,PerfJudge19,128,"Swansea Civic Centre",128,Judge,93897,Keegan,95075,Harvey,100945,Haylee,100248,Roselyn,100570,Aspen
PerfJudge20@dev.platform.hmcts.net,PerfTester@01,PerfJudge20,125,"Crown Court sitting at St Albans Magistrates Court",125,Judge,2600509,Jayce,2618211,London,2607697,Romina,2626538,Weston,2619377,Legend
PerfJudge21@dev.platform.hmcts.net,PerfTester@01,PerfJudge21,1000,"Newport, Isle Of Wight",156,Judge,1759539,Colton,1749431,Trinity,1759611,Angie,1750124,Jocelyn,1760913,Celia
PerfJudge22@dev.platform.hmcts.net,PerfTester@01,PerfJudge22,22,"Carlisle Combined Court Centre",22,Judge,6051102,Cora,6110504,Ella,6102537,Katherine,6056940,Xavier,6117675,Leona
PerfJudge23@dev.platform.hmcts.net,PerfTester@01,PerfJudge23,67,"Lancaster Ashton Hall",67,Judge,196802,Donald,199539,Harvey,200489,Gemma,194717,Dakota,198967,Harold
PerfJudge24@dev.platform.hmcts.net,PerfTester@01,PerfJudge24,151,"York",151,Judge,2728832,Viviana,2726189,Loretta,2717764,Liv,2731948,London,2728586,Asher
PerfJudge25@dev.platform.hmcts.net,PerfTester@01,PerfJudge25,150,"Worcester Combined Court Centre",150,Judge,1209864,Esme,1186301,River,1201824,Reuben,1188425,Sasha,1171622,Brecken
