eve_id,event_text,display_name,rn
267283608,pnZnjtUBzC - Gloucester,Gloucester,3
267283174,i7MTocBwg6 - Gloucester,Gloucester,4
267282895,myuPug0rG4 - Gloucester,Gloucester,5
267282414,LrobZwtvqp - Gloucester,Gloucester,6
267282371,yEobR8PzmW - Gloucester,Gloucester,7
267282325,OeIv6pN8H6 - Gloucester,Gloucester,8
267282279,1yFMLAKJmL - Gloucester,Gloucester,9
267280977,raLQsRVXDM - Gloucester,Gloucester,10
267280505,DCFhuRPnVT - Gloucester,Gloucester,11
267280100,fQVjh4NZN3 - Gloucester,Gloucester,12
267278986,EbQETo68cv - Gloucester,Gloucester,13
267278903,KeIZk0P8Ah - Gloucester,Gloucester,14
267278685,vkNtbKFva0 - Gloucester,Gloucester,15
267278350,eRBe7xVqgU - Gloucester,Gloucester,16
267277986,BWf5mIuDh8 - Gloucester,Gloucester,17
267277539,sAJQCof10i - Gloucester,Gloucester,18
267277458,x8nMOdwrPM - Gloucester,Gloucester,19
267276464,F3RPtsdLOu - Gloucester,Gloucester,20
267276242,vrwZONQr08 - Gloucester,Gloucester,21
267276190,b1QgpvTnSB - Gloucester,Gloucester,22
267276157,G3Lk3JJOkU - Gloucester,Gloucester,23
267276041,tY2GIUiTNB - Gloucester,Gloucester,24
267275531,vWCCZD6ATM - Gloucester,Gloucester,25
267274896,eeMieTJXMK - Gloucester,Gloucester,26
267274880,wzBjJA69Nd - Gloucester,Gloucester,27
267274397,i1r7ZGQWsi - Gloucester,Gloucester,28
267273977,JsHfYp1vuu - Gloucester,Gloucester,29
267273578,SlAyqkcW5W - Gloucester,Gloucester,30
267273333,YuVwEKSrFP - Gloucester,Gloucester,31
267272550,VBkphIeure - Gloucester,Gloucester,32
267272347,XRFHWHwGCj - Gloucester,Gloucester,33
267272261,16p9ZZ8HXG - Gloucester,Gloucester,34
267271249,fC6YCYatHA - Gloucester,Gloucester,35
267270947,GkXJcK3OvZ - Gloucester,Gloucester,36
267270907,g0KUPMSHJV - Gloucester,Gloucester,37
267270486,pDxVHKbVne - Gloucester,Gloucester,38
267270339,VdBcYePbbO - Gloucester,Gloucester,39
267270186,9iYV85wPsN - Gloucester,Gloucester,40
267270076,dm3w8mg0W1 - Gloucester,Gloucester,41
267268685,piZIqhhohQ - Gloucester,Gloucester,42
267268129,pJ4KpTigrN - Gloucester,Gloucester,43
267267998,PlSiO4IlR6 - Gloucester,Gloucester,44
267267788,v4ZxtsEHtR - Gloucester,Gloucester,45
267267658,hn1GEKwK3u - Gloucester,Gloucester,46
267267599,nLf4GnuQH6 - Gloucester,Gloucester,47
267267206,dM2IPZJQoY - Gloucester,Gloucester,48
267267081,TqQrB3vtWM - Gloucester,Gloucester,49
267266900,LpQNSYRByr - Gloucester,Gloucester,50
267266493,mNzwvBwlt7 - Gloucester,Gloucester,51
267266011,HKcHfqE35y - Gloucester,Gloucester,52
267265602,isDj1BTaFH - Gloucester,Gloucester,53
267264813,36jOgr84r3 - Gloucester,Gloucester,54
267264624,4yVmKSHEHd - Gloucester,Gloucester,55
267264048,E3ZubvjnxB - Gloucester,Gloucester,56
267263431,yKhWxhO5YI - Gloucester,Gloucester,57
267263334,OLspTDHHn1 - Gloucester,Gloucester,58
267263071,P21Rkc2TEs - Gloucester,Gloucester,59
267262896,nLQzVhrGtg - Gloucester,Gloucester,60
267261951,UTRpLx8231 - Gloucester,Gloucester,61
267261134,xUs97b8qHH - Gloucester,Gloucester,62
267260942,xEgeNPcleJ - Gloucester,Gloucester,63
267260838,dQ4TCQjV3Q - Gloucester,Gloucester,64
267260590,2pcltljDqA - Gloucester,Gloucester,65
267259829,Zo0b7NKTzE - Gloucester,Gloucester,66
267258417,eyll026DKl - Gloucester,Gloucester,67
267258178,fcylCQExrw - Gloucester,Gloucester,68
267257792,4yNKfBOQwR - Gloucester,Gloucester,69
267257267,TscmS5HDTb - Gloucester,Gloucester,70
267257226,o05UgtlgMj - Gloucester,Gloucester,71
267255132,This is a Perf test for tasks - Gloucester,Gloucester,72
267254027,This is a Perf test for tasks - Gloucester,Gloucester,73
267251660,This is a Perf test for tasks - Gloucester,Gloucester,74
267249936,This is a Perf test for tasks - Gloucester,Gloucester,75
267249870,This is a Perf test for tasks - Gloucester,Gloucester,76
267249808,This is a Perf test for tasks - Gloucester,Gloucester,77
267249753,This is a Perf test for tasks - Gloucester,Gloucester,78
267249306,K00qbHVeWP - Gloucester,Gloucester,79
267249215,This is a Perf test for tasks - Gloucester,Gloucester,80
267248973,Ui1L9Wi0IC - Gloucester,Gloucester,81
267248871,4ANSnx7enE - Gloucester,Gloucester,82
267248612,t5ij6toOdA - Gloucester,Gloucester,83
267248600,ze4Db52lvu - Gloucester,Gloucester,84
267248209,4y62r8mh1T - Gloucester,Gloucester,85
267248147,7Ml0YHaxQd - Gloucester,Gloucester,86
267248013,yDNlz2Ak6e - Gloucester,Gloucester,87
267247820,3tHXObwLIl - Gloucester,Gloucester,88
267247313,3E9DZFV44T - Gloucester,Gloucester,89
267247096,hLYzF1jVAU - Gloucester,Gloucester,90
267247047,0vRojDf5Hx - Gloucester,Gloucester,91
267247004,WyP60p3BON - Gloucester,Gloucester,92
267246922,d6Wpnp2Db7 - Gloucester,Gloucester,93
267246650,Sl6pt0pSc5 - Gloucester,Gloucester,94
267246406,gVMtj27a1f - Gloucester,Gloucester,95
267245947,IWrYZUYzgc - Gloucester,Gloucester,96
267245786,k42qfcwCmM - Gloucester,Gloucester,97
267245700,lFSTPtbXW1 - Gloucester,Gloucester,98
267245581,67Y7C68RLb - Gloucester,Gloucester,99
267245062,XMCCZw9Klh - Gloucester,Gloucester,100
267244770,HH3cRQZ8vN - Gloucester,Gloucester,101
267244564,rPJftW2gGe - Gloucester,Gloucester,102
267244354,S08ub7Lo7w - Gloucester,Gloucester,103
267244255,TZVgcVrGHu - Gloucester,Gloucester,104
267244251,WYS9AVT98q - Gloucester,Gloucester,105
267243437,CsCO99RZlb - Gloucester,Gloucester,106
267243434,ymbYzhJ273 - Gloucester,Gloucester,107
267243196,PnnpNuD2wT - Gloucester,Gloucester,108
267242641,qWdEXWd6W1 - Gloucester,Gloucester,109
267241597,EBLOGf9kpc - Gloucester,Gloucester,110
267240817,S62vRqcXHZ - Gloucester,Gloucester,111
267240596,1YS5cxnuh2 - Gloucester,Gloucester,112
267240491,uDmLEFfcQ1 - Gloucester,Gloucester,113
267240250,IbN1yAdvLN - Gloucester,Gloucester,114
267239825,YroVnzsNxR - Gloucester,Gloucester,115
267239673,nWksf6Eys4 - Gloucester,Gloucester,116
267239314,9FBAFuWfXh - Gloucester,Gloucester,117
267238826,830lSkEQf7 - Gloucester,Gloucester,118
267238487,oWe7XZJbnN - Gloucester,Gloucester,119
267238359,6Tqm5t3JB8 - Gloucester,Gloucester,120
267237596,FUoAsp4bEU - Gloucester,Gloucester,121
267237572,TvJCxLRNgs - Gloucester,Gloucester,122
267237390,FwuiFfGG0i - Gloucester,Gloucester,123
267236973,5pTlfI3wmO - Gloucester,Gloucester,124
267236315,UjfvF2Akl0 - Gloucester,Gloucester,125
267236145,tYAjOQfg9v - Gloucester,Gloucester,126
267235916,6dVUIsjtik - Gloucester,Gloucester,127
267235810,6F1yYaiopo - Gloucester,Gloucester,128
267235747,nC2uqlXtlI - Gloucester,Gloucester,129
267234753,LNubTF2zdA - Gloucester,Gloucester,130
267234503,ub4naYLJMd - Gloucester,Gloucester,131
267234267,sd3s72oBzs - Gloucester,Gloucester,132
267234033,xG7iBI4MT9 - Gloucester,Gloucester,133
267233267,zNAk14d03Z - Gloucester,Gloucester,134
267232690,2rNvXjsQgw - Gloucester,Gloucester,135
267232294,Vm953bymO7 - Gloucester,Gloucester,136
267232269,BN7ijKAcen - Gloucester,Gloucester,137
267232253,02EbUOP64h - Gloucester,Gloucester,138
267231877,7FC0wKMCrL - Gloucester,Gloucester,139
267231114,WAbcktPxCP - Gloucester,Gloucester,140
267230392,sSN7cCWrFb - Gloucester,Gloucester,141
267230311,2Jl9i9BH04 - Gloucester,Gloucester,142
267230206,giqlHAwVN0 - Gloucester,Gloucester,143
267230145,Nh4AR8g0MD - Gloucester,Gloucester,144
267229639,PKjs2rLG9M - Gloucester,Gloucester,145
267226709,Ryc7OLGgJf - Gloucester,Gloucester,146
267226496,gxDzLfWArI - Gloucester,Gloucester,147
267226090,KsxL3eEkSk - Gloucester,Gloucester,148
267226070,HW9NQoRH4D - Gloucester,Gloucester,149
267225777,HcHVCvmAeN - Gloucester,Gloucester,150
267225453,wxPhat9v2K - Gloucester,Gloucester,151
267225221,Z07cEzHoJE - Gloucester,Gloucester,152
267223126,hkCrXzL4Lu - Gloucester,Gloucester,153
267222592,en3Jhu4U24 - Gloucester,Gloucester,154
267222378,m9ToJTs0Sv - Gloucester,Gloucester,155
267221856,OqFEqh4x0Z - Gloucester,Gloucester,156
267221695,baEVpVc4Ip - Gloucester,Gloucester,157
267220953,d9qzdpSKzb - Gloucester,Gloucester,158
267220920,jkP5aFrFDr - Gloucester,Gloucester,159
267220864,zRdE3jklxz - Gloucester,Gloucester,160
267220393,JxBD2Pae4Q - Gloucester,Gloucester,161
267219783,PqkdCApGAO - Gloucester,Gloucester,162
267218607,wP4wKXJk8n - Gloucester,Gloucester,163
267216786,a07M7EEjs1 - Gloucester,Gloucester,164
267215922,AQe3SNKSia - Gloucester,Gloucester,165
267215772,JomD9I5pJx - Gloucester,Gloucester,166
267214520,e8vlg9hE4j - Gloucester,Gloucester,167
267214359,DEI7HcmPuP - Gloucester,Gloucester,168
267214084,1Kjp8nb49O - Gloucester,Gloucester,169
267213304,WRwr6eGKpL - Gloucester,Gloucester,170
267213009,qwOu758YeN - Gloucester,Gloucester,171
267212985,This is a Perf test for tasks - Gloucester,Gloucester,172
267212959,Rz10vAxfnz - Gloucester,Gloucester,173
267210421,This is a Perf test for tasks - Gloucester,Gloucester,174
267208338,This is a Perf test for tasks - Gloucester,Gloucester,175
267206749,xH1xpnzJDh - Gloucester,Gloucester,176
267206440,This is a Perf test for tasks - Gloucester,Gloucester,177
267205705,qf8CnkOcCy - Gloucester,Gloucester,178
267204656,MtH6pIjMH6 - Gloucester,Gloucester,179
267204297,felk7Hpoxu - Gloucester,Gloucester,180
267204139,uWprtQUhUW - Gloucester,Gloucester,181
267204032,gXUcR1GaBx - Gloucester,Gloucester,182
267203840,gW1dhcnk2f - Gloucester,Gloucester,183
267203678,EGap9Q0jT6 - Gloucester,Gloucester,184
267203474,IwAMHhZ41c - Gloucester,Gloucester,185
267203110,jXFtwhZ2Wn - Gloucester,Gloucester,186
267202442,l8AUAKnTOG - Gloucester,Gloucester,187
267201990,SurBvB9LZ5 - Gloucester,Gloucester,188
267201724,8AnDRfdnNz - Gloucester,Gloucester,189
267201670,6U1yNXpvtY - Gloucester,Gloucester,190
267201140,A9w5iRtzKI - Gloucester,Gloucester,191
267200898,34zHnG5ZF5 - Gloucester,Gloucester,192
267200586,KdZwn18NAI - Gloucester,Gloucester,193
267200330,oZP2ymzIWs - Gloucester,Gloucester,194
267199751,PjNCT3FErS - Gloucester,Gloucester,195
267199637,1FyZDU90yI - Gloucester,Gloucester,196
267199051,BaiudEfTOL - Gloucester,Gloucester,197
267198760,VQXzCcOidQ - Gloucester,Gloucester,198
267198724,hi1CwUUXNk - Gloucester,Gloucester,199
267198611,XrX0dTEFC3 - Gloucester,Gloucester,200
267198288,ZK56Fz4w6o - Gloucester,Gloucester,201
267198069,cJ5VEMO4v7 - Gloucester,Gloucester,202
267197948,290fRs2CJm - Gloucester,Gloucester,203
267196098,6rJZA1z617 - Gloucester,Gloucester,204
267194872,AbgiyUcjeZ - Gloucester,Gloucester,205
267194627,S5irMA0i5p - Gloucester,Gloucester,206
267194533,vrHmR25OUk - Gloucester,Gloucester,207
267194412,gllaZKXi4Y - Gloucester,Gloucester,208
267194230,bIS67W8dtE - Gloucester,Gloucester,209
267193961,RZ28lNpwRW - Gloucester,Gloucester,210
267193620,yTQc5O4nIT - Gloucester,Gloucester,211
267193205,SCVwVg63yE - Gloucester,Gloucester,212
267192799,lTuKToEYZH - Gloucester,Gloucester,213
267191700,AZ5KoQabYf - Gloucester,Gloucester,214
267191610,fx0Q3d262T - Gloucester,Gloucester,215
267190646,6GoC1U52Sz - Gloucester,Gloucester,216
267190530,vpccTkHeys - Gloucester,Gloucester,217
267190329,b8J895WodH - Gloucester,Gloucester,218
267190011,CvoI6hYtDm - Gloucester,Gloucester,219
267189758,NxTcnfe8OZ - Gloucester,Gloucester,220
267189331,67uIlufU0B - Gloucester,Gloucester,221
267189159,WRMQ99DP7i - Gloucester,Gloucester,222
267188864,L0ouiOgxqj - Gloucester,Gloucester,223
267188776,vtM5c5b6Ed - Gloucester,Gloucester,224
267188274,9OmRPbShbG - Gloucester,Gloucester,225
267187908,Is8phV0iFc - Gloucester,Gloucester,226
267187262,BZP9dAT3Hz - Gloucester,Gloucester,227
267186985,0VysgZKR0g - Gloucester,Gloucester,228
267186731,2on5fUCrPL - Gloucester,Gloucester,229
267186729,9E5KZjx515 - Gloucester,Gloucester,230
267186506,aCNl25leSc - Gloucester,Gloucester,231
267186500,kRg8phQzch - Gloucester,Gloucester,232
267185541,ft1ob3l3Wj - Gloucester,Gloucester,233
267185463,4WYPeXvofp - Gloucester,Gloucester,234
267183351,c0RWdev7L5 - Gloucester,Gloucester,235
267183273,YkrcqJMrSJ - Gloucester,Gloucester,236
267183225,rpkhO2K56d - Gloucester,Gloucester,237
267181631,LztGhgV76a - Gloucester,Gloucester,238
267181619,KBrMlXC8VN - Gloucester,Gloucester,239
267181601,IjDRka3Sjp - Gloucester,Gloucester,240
267180178,SBQbSVL2xo - Gloucester,Gloucester,241
267178705,This is a Perf test for tasks - Gloucester,Gloucester,242
267178618,puvEcdl6JN - Gloucester,Gloucester,243
267178040,xWgTujpVme - Gloucester,Gloucester,244
267178032,lYk9tJLNG6 - Gloucester,Gloucester,245
267177645,fBEeRVomPV - Gloucester,Gloucester,246
267177235,This is a Perf test for tasks - Gloucester,Gloucester,247
267175399,This is a Perf test for tasks - Gloucester,Gloucester,248
267175176,This is a Perf test for tasks - Gloucester,Gloucester,249
267174827,This is a Perf test for tasks - Gloucester,Gloucester,250
267174171,This is a Perf test for tasks - Gloucester,Gloucester,251
267173730,This is a Perf test for tasks - Gloucester,Gloucester,252
267173278,This is a Perf test for tasks - Gloucester,Gloucester,253
267172875,This is a Perf test for tasks - Gloucester,Gloucester,254
267170614,NT3Uo7GvA3 - Gloucester,Gloucester,255
267170378,KAqONuNHqz - Gloucester,Gloucester,256
267169567,2joE6wofvR - Gloucester,Gloucester,257
267169547,QGjSuW1qm6 - Gloucester,Gloucester,258
267169211,qUW7ECG5rb - Gloucester,Gloucester,259
267168377,KAxKpWaX2P - Gloucester,Gloucester,260
267167965,gdrs3c2dSE - Gloucester,Gloucester,261
267167935,Fyzith0fMS - Gloucester,Gloucester,262
267167626,xggwaZWSK6 - Gloucester,Gloucester,263
267167563,kjFUmwexKN - Gloucester,Gloucester,264
267167431,EZWn4LoCc8 - Gloucester,Gloucester,265
267167090,xb2C8HmRPV - Gloucester,Gloucester,266
267166639,3AXHNv8LQj - Gloucester,Gloucester,267
267166279,OPbI3FIdd9 - Gloucester,Gloucester,268
267165088,GRPgegZJSB - Gloucester,Gloucester,269
267165022,ZstBcUICUB - Gloucester,Gloucester,270
267164569,GGBMLF1DLR - Gloucester,Gloucester,271
267164095,45xirGnhA9 - Gloucester,Gloucester,272
267163620,iZIGPrcDjN - Gloucester,Gloucester,273
267162593,0CMOoETCmC - Gloucester,Gloucester,274
267161341,bjfXlKgfk4 - Gloucester,Gloucester,275
267161083,rNoTYIZcRh - Gloucester,Gloucester,276
267160769,fSRomNPirP - Gloucester,Gloucester,277
267158080,Gn6Zzf0iAR - Gloucester,Gloucester,278
267157585,cpXdodCHJ2 - Gloucester,Gloucester,279
267157442,aWneTC9w5H - Gloucester,Gloucester,280
267157267,8FUbCmB1cO - Gloucester,Gloucester,281
267157175,Q9XQwhN2Gk - Gloucester,Gloucester,282
267157075,LKup7PC6ox - Gloucester,Gloucester,283
267156758,kf7itmarLQ - Gloucester,Gloucester,284
267156707,xve41fHMNf - Gloucester,Gloucester,285
267155676,j7cJsH3BF7 - Gloucester,Gloucester,286
267155449,ldEv6eU7GG - Gloucester,Gloucester,287
267155206,SK7RILn07u - Gloucester,Gloucester,288
267154537,P2h4cD22t5 - Gloucester,Gloucester,289
267153377,R00n90trks - Gloucester,Gloucester,290
267153025,jDmCd7ynIG - Gloucester,Gloucester,291
267152876,w8pikDr1Pl - Gloucester,Gloucester,292
267152329,2Wr1t35Cxy - Gloucester,Gloucester,293
267151969,9qqI6oH1Bs - Gloucester,Gloucester,294
267151795,hDS0eHkmdQ - Gloucester,Gloucester,295
267151685,O1f25214pb - Gloucester,Gloucester,296
267151119,5UOf0pPfgj - Gloucester,Gloucester,297
267150717,EsRvdoPH8K - Gloucester,Gloucester,298
267150312,4ytOPXkDup - Gloucester,Gloucester,299
267149751,j8f4CMsOXo - Gloucester,Gloucester,300
267149609,KzTjAkI1MP - Gloucester,Gloucester,301
267148618,SzajUPIlOi - Gloucester,Gloucester,302
267148151,pbDKCxX5uS - Gloucester,Gloucester,303
267147930,Ed3lqHmEZh - Gloucester,Gloucester,304
267147912,M28WwT9DZT - Gloucester,Gloucester,305
267147792,rDFshswq78 - Gloucester,Gloucester,306
267147631,v3uyM5W6Ot - Gloucester,Gloucester,307
267147091,BuXgndm6tm - Gloucester,Gloucester,308
267147082,NFFVpz9S8G - Gloucester,Gloucester,309
267147026,4SmgynUSbF - Gloucester,Gloucester,310
267147009,npj1lFuyRG - Gloucester,Gloucester,311
267146870,gTFXcvOyJV - Gloucester,Gloucester,312
267144204,ZXanQdF2Rv - Gloucester,Gloucester,313
267143579,SBLtD6cFvR - Gloucester,Gloucester,314
267143360,aPN3dCM6Dg - Gloucester,Gloucester,315
267143325,krwvsTLnTM - Gloucester,Gloucester,316
267142934,jWskRLInlB - Gloucester,Gloucester,317
267142589,FvasBsFEdH - Gloucester,Gloucester,318
267142428,Um5nxrbhYS - Gloucester,Gloucester,319
267141518,dojKKiTqhs - Gloucester,Gloucester,320
267140982,vdtlKUKMcI - Gloucester,Gloucester,321
267140979,3a6Vqg6DS6 - Gloucester,Gloucester,322
267140604,F0MiQK8nak - Gloucester,Gloucester,323
267140488,TH8k1ltBX2 - Gloucester,Gloucester,324
267140458,kD3Uskdg8B - Gloucester,Gloucester,325
267139638,ZtBWe1N0bv - Gloucester,Gloucester,326
267139636,Fr9ZpMIROa - Gloucester,Gloucester,327
267139241,vQoHZLsBH0 - Gloucester,Gloucester,328
267138381,qYj00s2GKr - Gloucester,Gloucester,329
267138330,j8cuSdJehd - Gloucester,Gloucester,330
267138138,BuDxXGqm4O - Gloucester,Gloucester,331
267137872,A974mEe036 - Gloucester,Gloucester,332
267136898,Aia6RfmD5W - Gloucester,Gloucester,333
267136494,Q0d0HpFva4 - Gloucester,Gloucester,334
267136385,tiOG5QuJlQ - Gloucester,Gloucester,335
267135665,Ta2NO6OXKN - Gloucester,Gloucester,336
267135271,Ni1e68ThaR - Gloucester,Gloucester,337
267135207,7c7UVpv5wl - Gloucester,Gloucester,338
267135095,p2EzYARfL5 - Gloucester,Gloucester,339
267134784,1ww5M4sXbj - Gloucester,Gloucester,340
267134674,AcKhuJv0qH - Gloucester,Gloucester,341
267133945,MybNQCfxV1 - Gloucester,Gloucester,342
267133718,EYjplDsd28 - Gloucester,Gloucester,343
267133504,Q5Aj7tJ8JB - Gloucester,Gloucester,344
267133410,QMxTrsHaSu - Gloucester,Gloucester,345
267132333,MPrRsBGCs2 - Gloucester,Gloucester,346
267132053,8c8daywMWu - Gloucester,Gloucester,347
267131058,rvx6Nxsq4W - Gloucester,Gloucester,348
267130995,c75lIwhpBj - Gloucester,Gloucester,349
267130711,E0DgISCXOD - Gloucester,Gloucester,350
267130689,ih8Mwo0H9X - Gloucester,Gloucester,351
267130681,HxM8XvL09p - Gloucester,Gloucester,352
267130610,JzNVhLjq3L - Gloucester,Gloucester,353
267129037,nfpHRafw46 - Gloucester,Gloucester,354
267128567,FQXelAIxtt - Gloucester,Gloucester,355
267128302,qpKIdqNMDq - Gloucester,Gloucester,356
267127686,ektIdGyiyb - Gloucester,Gloucester,357
267127517,BXH7UGbxDo - Gloucester,Gloucester,358
267127505,C0hn4J5oHj - Gloucester,Gloucester,359
267127383,JnpP2wja7W - Gloucester,Gloucester,360
267127048,jpfUeCTVWl - Gloucester,Gloucester,361
267126789,xI69nO83CK - Gloucester,Gloucester,362
267125698,peBlxWBtZA - Gloucester,Gloucester,363
267125516,FV5r4wI48p - Gloucester,Gloucester,364
267125129,8ayur2cgTz - Gloucester,Gloucester,365
267124794,4toE6bmPwG - Gloucester,Gloucester,366
267123572,HpITaRMipW - Gloucester,Gloucester,367
267123297,HxIrVWEmTa - Gloucester,Gloucester,368
267122748,R9wLdDU2g4 - Gloucester,Gloucester,369
267122552,FxY73Gpm6l - Gloucester,Gloucester,370
267121942,7nZ7vEwGx2 - Gloucester,Gloucester,371
267121496,8QcVNbUKE4 - Gloucester,Gloucester,372
267121444,WSy8bn0tY9 - Gloucester,Gloucester,373
267121431,CLH7Krf7c8 - Gloucester,Gloucester,374
267121004,KlHyCWC7jv - Gloucester,Gloucester,375
267120895,1gaNrTHSTL - Gloucester,Gloucester,376
267120308,cGnEtxc3D1 - Gloucester,Gloucester,377
267120302,G5FujB8UeK - Gloucester,Gloucester,378
267120179,SeBF7B376u - Gloucester,Gloucester,379
267120149,LW0Lpq778u - Gloucester,Gloucester,380
267119814,XtiIVLfqiI - Gloucester,Gloucester,381
267119627,XI42yyOrbF - Gloucester,Gloucester,382
267119386,4ZeEF3HVMR - Gloucester,Gloucester,383
267119344,Tns06uQuLz - Gloucester,Gloucester,384
267118867,CdiaQ967io - Gloucester,Gloucester,385
267118858,IOTc9oNpHo - Gloucester,Gloucester,386
267118570,v6iJqqMaVT - Gloucester,Gloucester,387
267118417,JuCbApMKuz - Gloucester,Gloucester,388
267117884,m0xrMBuLr6 - Gloucester,Gloucester,389
267117254,This is a Perf test for tasks - Gloucester,Gloucester,390
267116290,This is a Perf test for tasks - Gloucester,Gloucester,391
267114910,This is a Perf test for tasks - Gloucester,Gloucester,392
267114832,This is a Perf test for tasks - Gloucester,Gloucester,393
267113705,This is a Perf test for tasks - Gloucester,Gloucester,394
267113659,This is a Perf test for tasks - Gloucester,Gloucester,395
267112988,u5g7Ue9g9o - Gloucester,Gloucester,396
267112792,6lPSxlFOXC - Gloucester,Gloucester,397
267112736,cogMtHfpGk - Gloucester,Gloucester,398
267112062,G9fudU5K2J - Gloucester,Gloucester,399
267111803,ZRANIMaHKj - Gloucester,Gloucester,400
267111644,sWXu55zpX2 - Gloucester,Gloucester,401
267111275,Yc9LGhrV99 - Gloucester,Gloucester,402
267111273,TClMFL3f1f - Gloucester,Gloucester,403
267110735,This is a Perf test for tasks - Gloucester,Gloucester,404
267109837,RwpDTqj30J - Gloucester,Gloucester,405
267109424,wmafGS5619 - Gloucester,Gloucester,406
267109152,W7yT8M1PsX - Gloucester,Gloucester,407
267108905,YCiTERWw4S - Gloucester,Gloucester,408
267108402,HwDQhAYxCy - Gloucester,Gloucester,409
267107020,ZedNQb3Mz0 - Gloucester,Gloucester,410
267106772,gdmwsW2eoM - Gloucester,Gloucester,411
267106542,RmsbAjraAq - Gloucester,Gloucester,412
267105599,3uMvtOP4xP - Gloucester,Gloucester,413
267105201,eP4AzJaesc - Gloucester,Gloucester,414
267104979,ZxzyLYuVhn - Gloucester,Gloucester,415
267104190,zLtBelti76 - Gloucester,Gloucester,416
267103629,xa1QzYnIIX - Gloucester,Gloucester,417
267103086,y9ZTLapvw8 - Gloucester,Gloucester,418
267102440,cVdrkHoVmB - Gloucester,Gloucester,419
267102388,HOL8q5UCve - Gloucester,Gloucester,420
267102264,PW728qdBIH - Gloucester,Gloucester,421
267102007,0TdRwnYwdu - Gloucester,Gloucester,422
267101884,tjODm6HcP7 - Gloucester,Gloucester,423
267101847,jpgj1szvZI - Gloucester,Gloucester,424
267101757,xDMI8OakaE - Gloucester,Gloucester,425
267101661,hlOWaX1Gv4 - Gloucester,Gloucester,426
267100975,qlZtFinEz8 - Gloucester,Gloucester,427
267100942,WPN3eavB1X - Gloucester,Gloucester,428
267100524,4Q53UZLQrE - Gloucester,Gloucester,429
267100331,vKzsBIsjTG - Gloucester,Gloucester,430
267099813,7TIa6JWULu - Gloucester,Gloucester,431
267099118,CT3psQARhD - Gloucester,Gloucester,432
267098948,Ir8zSejD6e - Gloucester,Gloucester,433
267098044,64fzSoUmvt - Gloucester,Gloucester,434
267097499,APRx7dl79k - Gloucester,Gloucester,435
267097448,xvTnubOUjp - Gloucester,Gloucester,436
267096340,Qog2rjstEJ - Gloucester,Gloucester,437
267096195,UdJrTHISFq - Gloucester,Gloucester,438
267095209,KpjycKJvDj - Gloucester,Gloucester,439
267095166,bT7uc4jAYQ - Gloucester,Gloucester,440
267093786,nK5nDjgLdf - Gloucester,Gloucester,441
267093172,O8oV9f5dH5 - Gloucester,Gloucester,442
267092663,SI6Nnsp4wQ - Gloucester,Gloucester,443
267092536,xHZKLa11Gh - Gloucester,Gloucester,444
267091042,VCmeQmYn80 - Gloucester,Gloucester,445
267088749,This is a Perf test for tasks - Gloucester,Gloucester,446
267088381,This is a Perf test for tasks - Gloucester,Gloucester,447
267087849,wQiMaj9BIX - Gloucester,Gloucester,448
267087383,8C3Au7F7qf - Gloucester,Gloucester,449
267087351,GF1EbOUxSd - Gloucester,Gloucester,450
267087059,npHkTa8BvA - Gloucester,Gloucester,451
267087005,pq81gspKFV - Gloucester,Gloucester,452
267086639,oZ1zFlrEl1 - Gloucester,Gloucester,453
267086622,H67ENTPJD2 - Gloucester,Gloucester,454
267086447,QfMWZrlAWR - Gloucester,Gloucester,455
267085105,ncbgetR4s2 - Gloucester,Gloucester,456
267084879,L3XbqRpVEw - Gloucester,Gloucester,457
267084422,5yVAjnijkp - Gloucester,Gloucester,458
267084411,X71we33vPJ - Gloucester,Gloucester,459
267084286,D7pGCPvngj - Gloucester,Gloucester,460
267084246,nzXlKlKWaL - Gloucester,Gloucester,461
267082943,Bo3DBTYEuC - Gloucester,Gloucester,462
267082822,BN6lBLQANS - Gloucester,Gloucester,463
267081408,3ol1BOROX7 - Gloucester,Gloucester,464
267081378,thGmNjjS4x - Gloucester,Gloucester,465
267081164,kpI2xqi9pi - Gloucester,Gloucester,466
267080996,NQMjEZoYCq - Gloucester,Gloucester,467
267080868,ITbwathTiP - Gloucester,Gloucester,468
267080714,mmOKEaLz5K - Gloucester,Gloucester,469
267080602,gtAQMTuMyv - Gloucester,Gloucester,470
267079452,BMUlz8hVSB - Gloucester,Gloucester,471
267079127,8X7Y8NI0eW - Gloucester,Gloucester,472
267079057,RMJcU5XF8V - Gloucester,Gloucester,473
267078988,KWHQygb04O - Gloucester,Gloucester,474
267078463,u8QXtOloIW - Gloucester,Gloucester,475
267077846,IPLypes9jD - Gloucester,Gloucester,476
267077090,BaFLXMNhun - Gloucester,Gloucester,477
267076817,Wfe1qJzkTI - Gloucester,Gloucester,478
267076705,qjknYgLsoS - Gloucester,Gloucester,479
267076563,IU90KfIdnW - Gloucester,Gloucester,480
267076092,IdVMrPSDGF - Gloucester,Gloucester,481
267076071,fCHvvtf9HP - Gloucester,Gloucester,482
267076009,Vl1YakIiGG - Gloucester,Gloucester,483
267075621,7VXvtrTg9S - Gloucester,Gloucester,484
267075379,U3VouIvS1K - Gloucester,Gloucester,485
267074500,ngMP1KNEiJ - Gloucester,Gloucester,486
267074131,uWHd6YBsED - Gloucester,Gloucester,487
267073179,fq6GSecj2Y - Gloucester,Gloucester,488
267073097,gRR1CcvsUd - Gloucester,Gloucester,489
267072939,DWKZrweLxJ - Gloucester,Gloucester,490
267072827,DMm28NeP70 - Gloucester,Gloucester,491
267072386,dfHlxwEZqH - Gloucester,Gloucester,492
267072179,yWNIHmiFCm - Gloucester,Gloucester,493
267072154,IT4BzV8Jyt - Gloucester,Gloucester,494
267072002,Us1S3lBCxq - Gloucester,Gloucester,495
267071927,Gr6NjTcDjO - Gloucester,Gloucester,496
267071642,mYL5n0gwHC - Gloucester,Gloucester,497
267070917,0fggGT4EkQ - Gloucester,Gloucester,498
267070861,TgXkqk7nDs - Gloucester,Gloucester,499
