Email,Password,user_name,cth_id,courthouse_name,courthouse_code,Type,cas_id1,date_from1,defendantFirstName,cas_id2,date_from2,defendantSecondName,cas_id3,date_from3,defendantThirdName,cas_id4,date_from4,defendantFourthName,cas_id5,date_from5,defendantFifthName
PerfTranscriber01@hmcts.net,PerfTester@01,PerfTranscriberOne,1,"Birmingham Crown Court sitting at 4 Newton Street",1,Transcriber,284509,2024-04-05,Maximo,289860,2024-04-05,Maggie,289184,2024-04-05,Crystal,309437,2024-04-05,Freyja,237871,2024-04-05,Denise
PerfTranscriber02@hmcts.net,PerfTester@01,PerfTranscriberTwo,93,"Newcastle Combined Court Centre",93,Transcriber,1995594,2024-04-05,Alejandra,1977763,2024-04-05,Jenna,1839032,2024-04-05,Paris,1792897,2024-04-05,Ariya,1929892,2024-04-05,Langston
PerfTranscriber03@hmcts.net,PerfTester@01,PerfTranscriber03,7,"Basildon Combined Court Centre",7,Transcriber,1555480,2024-04-05,Kai,1574118,2024-04-05,Edgar,1491600,2024-04-05,Rayna,1579874,2024-04-05,Braden,1532629,2024-04-05,Lydia
PerfTranscriber04@hmcts.net,PerfTester@01,PerfTranscriber04,8,"Birmingham",8,Transcriber,9705977,2024-04-05,Destiny,9815619,2024-04-05,Cadence,9843281,2024-04-05,Novalee,9764492,2024-04-05,London,9820720,2024-04-05,Aldo
PerfTranscriber05@hmcts.net,PerfTester@01,PerfTranscriber05,10,"Blackfriars",10,Transcriber,9217155,2024-04-05,Dangelo,9192502,2024-04-05,Maximo,9249801,2024-04-05,Clara,9176100,2024-04-05,Noel,9244781,2024-04-05,Kylee
PerfTranscriber06@hmcts.net,PerfTester@01,PerfTranscriber06,13,"Bournemouth Combined Court Centre",13,Transcriber,10043065,2024-04-05,Malachi,10121585,2024-04-05,Celine,10089354,2024-04-05,Carly,10119168,2024-04-05,Mariana,9994934,2024-04-05,Princeton
PerfTranscriber07@hmcts.net,PerfTester@01,PerfTranscriber07,14,"Bradford Combined Court Centre",14,Transcriber,7012211,2024-04-05,Emily,6991142,2024-04-05,Gabrielle,6928745,2024-04-05,Kai,7015579,2024-04-05,Tiffany,6955699,2024-04-05,Alia
PerfTranscriber08@hmcts.net,PerfTester@01,PerfTranscriber08,64,"Kingston",64,Transcriber,10213723,2024-04-05,Londyn,10214937,2024-04-05,Dalton,10184968,2024-04-05,Rosalee,10232942,2024-04-05,Maxine,10171403,2024-04-05,Romina
PerfTranscriber09@hmcts.net,PerfTester@01,PerfTranscriber09,122,"Southwark",122,Transcriber,7559076,2024-04-05,Jemma,7515984,2024-04-05,Cassidy,7505291,2024-04-05,Luella,7499734,2024-04-05,Deandre,7570515,2024-04-05,Natalia
PerfTranscriber10@hmcts.net,PerfTester@01,PerfTranscriber10,21,"Cardiff",21,Transcriber,10344665,2024-04-05,Theodora,10430595,2024-04-05,Keilani,10396605,2024-04-05,Adelaide,10374919,2024-04-05,Vanessa,10414178,2024-04-05,Margot
PerfTranscriber11@hmcts.net,PerfTester@01,PerfTranscriber11,137,"Sheffield Combined Court Centre",137,Transcriber,7835308,2024-04-05,Paxton,7859105,2024-04-05,Mina,7954759,2024-04-05,Alexa,7856738,2024-04-05,Remi,7977187,2024-04-05,Greyson
PerfTranscriber12@hmcts.net,PerfTester@01,PerfTranscriber12,47,"Exeter Combined Court Centre",47,Transcriber,9560295,2024-04-05,Ava,9534740,2024-04-05,Josiah,9650304,2024-04-05,Emersyn,9644956,2024-04-05,Yosef,9606374,2024-04-05,Gwendolyn
PerfTranscriber13@hmcts.net,PerfTester@01,PerfTranscriber13,96,"Northampton Combined Court Centre",96,Transcriber,5775263,2024-04-05,Madelynn,5808917,2024-04-05,Kallie,5805004,2024-04-05,Norah,5771507,2024-04-05,Kylan,5804040,2024-04-05,Maya
PerfTranscriber14@hmcts.net,PerfTester@01,PerfTranscriber14,78,"Liverpool Crown Court",78,Transcriber,4179905,2024-04-05,Oaklynn,4196657,2024-04-05,Laylah,4165980,2024-04-05,Aden,4190436,2024-04-05,Kole,3856388,2024-04-05,Evan
PerfTranscriber15@hmcts.net,PerfTester@01,PerfTranscriber15,93,"Newcastle Combined Court Centre",93,Transcriber,1990605,2024-04-05,Arian,1929892,2024-04-05,Langston,1897211,2024-04-05,Trevor,1906664,2024-04-05,Ariya,1889278,2024-04-05,Lyra
PerfTranscriber16@hmcts.net,PerfTester@01,PerfTranscriber16,85,"Manchester Crown Square",85,Transcriber,7696973,2024-04-05,Jessica,7635947,2024-04-05,Liana,7663327,2024-04-05,Banks,7672074,2024-04-05,Katherine,7812419,2024-04-05,Jazmine
PerfTranscriber17@hmcts.net,PerfTester@01,PerfTranscriber17,87,"Manchester Minshull Street",87,Transcriber,8841620,2024-04-05,Aileen,8843889,2024-04-05,Paislee,8857389,2024-04-05,Milo,8887178,2024-04-05,Kelvin,8794330,2024-04-05,Ensley
PerfTranscriber18@hmcts.net,PerfTester@01,PerfTranscriber18,93,"Newcastle Combined Court Centre",93,Transcriber,1961633,2024-04-05,Athena,1918748,2024-04-05,Xavier,1798142,2024-04-05,Theodore,1897211,2024-04-05,Trevor,1963179,2024-04-05,Rowan
PerfTranscriber19@hmcts.net,PerfTester@01,PerfTranscriber19,93,"Newcastle Combined Court Centre",93,Transcriber,1918748,2024-04-05,Xavier,1984350,2024-04-05,Aaron,1839032,2024-04-05,Paris,1833370,2024-04-05,Saige,1837307,2024-04-05,Miracle
PerfTranscriber20@hmcts.net,PerfTester@01,PerfTranscriber20,107,"Portsmouth Combined Court Centre",107,Transcriber,8218766,2024-04-05,Hayley,8218284,2024-04-05,Ivy,8267984,2024-04-05,Blair,8200900,2024-04-05,Greyson,8282279,2024-04-05,Collin
PerfTranscriber21@hmcts.net,PerfTester@01,PerfTranscriber21,17,"Burnley Combined Court Centre",17,Transcriber,4475267,2024-04-05,Rosalie,4497141,2024-04-05,Briar,4512671,2024-04-05,Castiel,4473480,2024-04-05,Ben,4481971,2024-04-05,Romeo
PerfTranscriber22@hmcts.net,PerfTester@01,PerfTranscriber22,32,"Cirencester",32,Transcriber,67072,2024-04-05,Jamie,69171,2024-04-05,Aaron,65706,2024-04-05,Journee,72760,2024-04-05,Genesis,64888,2024-04-05,Adley
PerfTranscriber23@hmcts.net,PerfTester@01,PerfTranscriber23,53,"Harrow",53,Transcriber,8449730,2024-04-05,Lennon,8399719,2024-04-05,Davion,8430190,2024-04-05,Journee,8411001,2024-04-05,Malani,8472053,2024-04-05,Adriana
PerfTranscriber24@hmcts.net,PerfTester@01,PerfTranscriber24,59,"Inner London",59,Transcriber,2902670,2024-04-05,Mordechai,2839362,2024-04-05,Millie,2894386,2024-04-05,Jenesis,2912762,2024-04-05,Allyson,2907845,2024-04-05,Brooklynn
PerfTranscriber25@hmcts.net,PerfTester@01,PerfTranscriber25,62,"Isleworth",62,Transcriber,8189418,2024-04-05,Leif,8171295,2024-04-05,Ezequiel,8066166,2024-04-05,Faith,8172296,2024-04-05,Pearl,8048145,2024-04-05,Elijah
PerfTranscriber26@hmcts.net,PerfTester@01,PerfTranscriber26,26,"Chelmsford New Magistrates",26,Transcriber,1011592,2024-04-05,Quinton,1011685,2024-04-05,Paris,1000313,2024-04-05,Harmoni,1004941,2024-04-05,Keith,1019587,2024-04-05,Anya
PerfTranscriber27@hmcts.net,PerfTester@01,PerfTranscriber27,36,"Aldersgate House",36,Transcriber,533232,2024-04-05,Johnathan,535526,2024-04-05,Santiago,548693,2024-04-05,Alaric,539954,2024-04-05,Helena,547228,2024-04-05,Brendan
PerfTranscriber28@hmcts.net,PerfTester@01,PerfTranscriber28,9,"Birmingham Library and Rep",9,Transcriber,750065,2024-04-05,Case,733636,2024-04-05,Ezequiel,752551,2024-04-05,Elyse,737565,2024-04-05,Aaron,741128,2024-04-05,London
PerfTranscriber29@hmcts.net,PerfTester@01,PerfTranscriber29,46,"Durham",46,Transcriber,10445547,2024-04-05,Gemma,10457067,2024-04-05,Remington,10435514,2024-04-05,Quinn,10453752,2024-04-05,Leonel,10453170,2024-04-05,Adan
PerfTranscriber30@hmcts.net,PerfTester@01,PerfTranscriber30,78,"Liverpool Crown Court",78,Transcriber,4070214,2024-04-05,Lyanna,4130554,2024-04-05,Alaya,3943281,2024-04-05,Princess,4198694,2024-04-05,Ezra,3949611,2024-04-05,Everly
PerfTranscriber31@hmcts.net,PerfTester@01,PerfTranscriber31,11,"Bolton Combined Court Centre",11,Transcriber,5710961,2024-04-05,Canaan,5712959,2024-04-05,Celeste,5726037,2024-04-05,Briar,5673199,2024-04-05,Kash,5683003,2024-04-05,Evan
PerfTranscriber32@hmcts.net,PerfTester@01,PerfTranscriber32,12,"Bolton Stadium",12,Transcriber,503389,2024-04-05,Bailee,518359,2024-04-05,Mylo,519968,2024-04-05,Bjorn,498201,2024-04-05,Jenesis,506045,2024-04-05,Selena
PerfTranscriber33@hmcts.net,PerfTester@01,PerfTranscriber33,29,"Chester Magistrates Court",29,Transcriber,618705,2024-04-05,Isabel,601323,2024-04-05,Leroy,621062,2024-04-05,Bentley,603188,2024-04-05,Paxton,600943,2024-04-05,Derek
PerfTranscriber34@hmcts.net,PerfTester@01,PerfTranscriber34,97,"Norwich Combined Court Centre",97,Transcriber,5904826,2024-04-05,Daleyza,5940750,2024-04-05,Cleo,5888735,2024-04-05,Juelz,5944639,2024-04-05,Austin,5900628,2024-04-05,Lily
PerfTranscriber35@hmcts.net,PerfTester@01,PerfTranscriber35,89,"Merthyr Tydfil Combined Court Centre",89,Transcriber,14316426,2025-02-27,Joe,14040255,2025-02-26,Joe,16113957,2025-03-21,Joe,16061448,2025-03-20,Joe,15203129,2025-03-06,Joe
PerfTranscriber36@hmcts.net,PerfTester@01,PerfTranscriber36,31,"Chichester Combined Court Centre",31,Transcriber,1788342,2024-04-05,Colin,1781460,2024-04-05,Anya,1786934,2024-04-05,Tiana,1768988,2024-04-05,Case,1786220,2024-04-05,Scarlett
PerfTranscriber37@hmcts.net,PerfTester@01,PerfTranscriber37,17,"Burnley Combined Court Centre",17,Transcriber,4505139,2024-04-05,Noel,4482701,2024-04-05,Kason,4477734,2024-04-05,Ameer,4510465,2024-04-05,Damon,4476441,2024-04-05,Sergio
PerfTranscriber38@hmcts.net,PerfTester@01,PerfTranscriber38,71,"Leicester",71,Transcriber,9510019,2024-04-05,Bentlee,9516722,2024-04-05,London,9446204,2024-04-05,Castiel,9487515,2024-04-05,Ariah,9413295,2024-04-05,Mercy
PerfTranscriber39@hmcts.net,PerfTester@01,PerfTranscriber39,119,"Snaresbrook",119,Transcriber,2052891,2024-04-05,Azrael,2177858,2024-04-05,Rocky,2114590,2024-04-05,Samson,2002150,2024-04-05,Ellis,2090470,2024-04-05,Pearl
PerfTranscriber40@hmcts.net,PerfTester@01,PerfTranscriber40,41,"Croydon Jurys Inn",41,Transcriber,1340039,2024-04-05,Quinn,1338932,2024-04-05,Daphne,1353826,2024-04-05,Kaliyah,1338925,2024-04-05,Malachi,1343420,2024-04-05,Aspen
PerfTranscriber41@hmcts.net,PerfTester@01,PerfTranscriber41,33,"Coventry Combined Court Centre",33,Transcriber,4587160,2024-04-05,Bowen,4599872,2024-04-05,Mariana,4604038,2024-04-05,Yusuf,4573233,2024-04-05,Amiyah,4610275,2024-04-05,Austin
PerfTranscriber42@hmcts.net,PerfTester@01,PerfTranscriber42,134,"Teesside Combined Court Centre",134,Transcriber,7055494,2024-04-05,Gael,7190684,2024-04-05,Mack,7156361,2024-04-05,Cash,7047932,2024-04-05,Kinslee,7073767,2024-04-05,Alina
PerfTranscriber43@hmcts.net,PerfTester@01,PerfTranscriber43,23,"Carmarthen",23,Transcriber,1611925,2024-04-05,Jessica,1619266,2024-04-05,Archie,1614123,2024-04-05,Tobias,1617234,2024-04-05,Elijah,1631876,2024-04-05,Dustin
PerfTranscriber44@hmcts.net,PerfTester@01,PerfTranscriber44,101,"Peterborough Combined Court Centre",101,Transcriber,2318109,2024-04-05,Ayan,2344967,2024-04-05,Abdiel,2307665,2024-04-05,Legend,2333155,2024-04-05,Julien,2306187,2024-04-05,Laila
PerfTranscriber45@hmcts.net,PerfTester@01,PerfTranscriber45,81,"Luton",81,Transcriber,3060425,2024-04-05,Vivienne,3085745,2024-04-05,Lexi,3064193,2024-04-05,Joyce,3101221,2024-04-05,Axl,3046945,2024-04-05,Aisha
