Email,Password,user_name,cth_id,courthouse_name,courthouse_code,Type,defendant_name
PerfTranscirber02@hmcts.net,PerfTester@01,PerfTranscriberTwo,93,"NEWCASTLE UPON TYNE",,Transcriber,Nylah
PerfTranscriber01@hmcts.net,PerfTester@01,PerfTranscriberOne,1,"4 NEWTON STREET",,Transcriber,Baylor
PerfTranscriber03@hmcts.net,PerfTester@01,PerfTranscriberThree,7,"BASILDON",,Transcriber,Bentley
PerfTranscriber04@hmcts.net,PerfTester@01,PerfTranscriberFour,8,"BIRMINGHAM",,Transcriber,Kayden
PerfTranscriber05@hmcts.net,PerfTester@01,PerfTranscriberFive,10,"BLACKFRIARS",,Transcriber,Bria
PerfTranscriber06@hmcts.net,PerfTester@01,PerfTranscriberSix,13,"BOURNEMOUTH CROWN AND COUNTY COURTS",,Transcriber,Lennon
PerfTranscriber07@hmcts.net,PerfTester@01,PerfTranscriberSeven,14,"BRADFORD",,Transcriber,Kylee
PerfTranscriber08@hmcts.net,PerfTester@01,PerfTranscriberEight,16,"BRISTOL",,Transcriber,Ridge
PerfTranscriber09@hmcts.net,PerfTester@01,PerfTranscriberNine,20,"CANTERBURY",,Transcriber,Juelz
PerfTranscriber10@hmcts.net,PerfTester@01,PerfTranscriberTen,21,"CARDIFF",,Transcriber,Ramon
PerfTranscriber11@hmcts.net,PerfTester@01,PerfTranscriberEleven,24,"CENTRAL CRIMINAL COURT",,Transcriber,Bowen
PerfTranscriber12@hmcts.net,PerfTester@01,PerfTranscriberTwelve,47,"EXETER",,Transcriber,Selena
PerfTranscriber13@hmcts.net,PerfTester@01,PerfTranscriberThirteenth,40,"CROYDON",,Transcriber,Yamileth
PerfTranscriber14@hmcts.net,PerfTester@01,PerfTranscriberFourteenth,48,"FIELD HOUSE",,Transcriber,Grant
PerfTranscriber15@hmcts.net,PerfTester@01,PerfTranscriberFifteen,83,"MAIDSTONE",,Transcriber,Braxton
PerfTranscriber16@hmcts.net,PerfTester@01,PerfTranscriberSixteen,93,"NEWCASTLE UPON TYNE",,Transcriber,Aileen
PerfTranscriber17@hmcts.net,PerfTester@01,PerfTranscriberSeventeen,87,"MANCHESTER MINSHULL STREET",,Transcriber,Zechariah
PerfTranscriber18@hmcts.net,PerfTester@01,PerfTranscriberEightteen,93,"NEWCASTLE UPON TYNE",,Transcriber,Poppy
PerfTranscriber19@hmcts.net,PerfTester@01,PerfTranscriberNineteen,100,"OXFORD",,Transcriber,Vanessa
PerfTranscriber20@hmcts.net,PerfTester@01,PerfTranscriberTwenty,93,"NEWCASTLE UPON TYNE",,Transcriber,Tiana
PerfTranscriber30@hmcts.net,PerfTester@01,PerfTranscriberThirty,78,"LIVERPOOL",,Transcriber,Harmoni
